id,Title,Author,Permalink
3,"This is Astro Better",3,http://www.astrobetter.com/blog/2009/04/11/this-is-astro-better/
13,"Mailplane: Gmail out of the Browser",3,http://www.astrobetter.com/blog/2009/04/11/mailplane-gmail-out-of-the-browser/
26,"Organize Travel Plans Better with TripIt",3,http://www.astrobetter.com/blog/2009/04/27/organize-travel-plans-better-with-tripit/
33,"Making Fonts Better in IDL Postscript Output",3,http://www.astrobetter.com/blog/2009/04/23/making-fonts-better-in-idl-postscript-output/
138,"Better To-Do Lists with Things",3,http://www.astrobetter.com/blog/2009/05/06/better-to-do-lists-with-things/
212,"IDL vs. Python",3,http://www.astrobetter.com/blog/2009/05/04/idl-vs-python/
227,"RSS feeds for Astronomers",3,http://www.astrobetter.com/blog/2009/05/18/rss-feeds-for-astronomers/
285,"New Laptop: MacBook Air",3,http://www.astrobetter.com/blog/2009/05/06/new-laptop-macbook-air/
333,"Respond Better: Dealing with Criticism",3,http://www.astrobetter.com/blog/2009/05/11/respond-better-dealing-with-criticism/
439,"Scisoft OSX 2009.5.2 Released",4,http://www.astrobetter.com/blog/2009/05/18/scisoft-osx-200952-released/
444,"Feedback and Contributions Request",3,http://www.astrobetter.com/blog/2009/05/19/feedback-and-contributions-request/
457,"Transmit, the Better FTP client, is on Sale",3,http://www.astrobetter.com/blog/2009/05/27/transmit-on-sale/
474,"Introducing Quicksilver",3,http://www.astrobetter.com/blog/2009/06/24/introducing-quicksilver/
481,"Deal with upper limits",5,http://www.astrobetter.com/blog/2009/05/29/deal-with-upper-limits/
498,"Introducing New Contributors and an Updated Look",3,http://www.astrobetter.com/blog/2009/06/03/introducing-new-contributors-and-an-updated-look/
512,"Presentations are a privilege",5,http://www.astrobetter.com/blog/2009/06/03/presentations-are-a-privilege/
533,"Taking Control of Your Queues",3,http://www.astrobetter.com/blog/2009/06/08/taking-control-of-your-queues/
575,"Connecting: Video, Voice, and Text ChatiC",4,http://www.astrobetter.com/blog/2009/06/11/connecting-video-voice-and-text-chatic/
584,"Stylish Laptop Stand",3,http://www.astrobetter.com/blog/2009/06/16/stylish-laptop-stand/
589,"myADS arXiv RSS Feeds: Now with Abstracts!",3,http://www.astrobetter.com/blog/2009/08/26/myads-arxiv-rss-feeds-now-with-abstracts/
598,"Devtools In Chromium",6,http://www.astrobetter.com/blog/2009/07/08/devtools-in-chromium/
637,"Hungry for Plots? Get some APLpy!",6,http://www.astrobetter.com/blog/2009/07/20/hungry-for-plots-get-some-aplpy/
674,"Learn to Take Breaks with Anti-RSI",3,http://www.astrobetter.com/blog/2009/08/13/learn-to-take-breaks-with-anti-rsi/
678,"Keeping track of your PDF papers with Papers",5,http://www.astrobetter.com/blog/2009/07/31/keeping-track-of-your-pdf-papers-with-papers/
697,"July Links",3,http://www.astrobetter.com/blog/2009/08/04/july-links/
704,"Resizing Windows and Focus Follows Mouse with MondoMouse",10,http://www.astrobetter.com/blog/2009/08/05/resizing-windows-and-focus-follows-mouse-with-mondomouse/
733,"DS9 and Remote Files",4,http://www.astrobetter.com/blog/2009/08/12/ds9-and-remote-files/
761,"Links: Mac Minimalism, Email Etiquette, IDL tips, and more...",3,http://www.astrobetter.com/blog/2009/08/16/links-mac-minimalism-email-etiquette-idl-tips-and-more/
813,"Links: Caffeine vs. Calories, Stress Worsens Allergies, and more...",3,http://www.astrobetter.com/blog/2009/08/28/links-caffeine-vs-calories-stress-worsens-allergies-and-more/
823,"Snow Leopard is Here",4,http://www.astrobetter.com/blog/2009/08/28/snow-leopard-is-here/
826,"QLFits: The Quick Look generator for FITS files",10,http://www.astrobetter.com/blog/2009/09/04/qlfits-the-quick-look-generator-for-fits-files/
866,"Links: Look Smart, Sync Contacts, Minimize Gmail, and more...",3,http://www.astrobetter.com/blog/2009/09/15/links-look-smart-sync-contacts-minimize-gmail-and-more/
873,"CosmoloPy: Cosmology Routines for Python",10,http://www.astrobetter.com/blog/2009/09/17/cosmolopy-cosmology-routines-for-python/
911,"Professional Development Workshops at AAS 215 in January",3,http://www.astrobetter.com/blog/2009/09/21/professional-development-workshops-at-aas-215-in-january/
925,"Links: Poster Design, iCal Pro, Daily Writing, and much, much more! ",3,http://www.astrobetter.com/blog/2009/09/30/links-poster-design-ical-pro-daily-writing-and-much-much-more/
933,"Spectral line analysis tools",5,http://www.astrobetter.com/blog/2009/10/02/spectral-line-analysis-tools/
935,"Preventing the AAS Ick",5,http://www.astrobetter.com/blog/2009/10/02/preventing-the-aas-ick/
939,"Your friend Convert",5,http://www.astrobetter.com/blog/2009/11/18/your-friend-convert/
945,"Why I use BibDesk instead of Papers",3,http://www.astrobetter.com/blog/2009/10/29/why-i-use-bibdesk-instead-of-papers/
946,"The Integral Field Spectroscopy Wiki",10,http://www.astrobetter.com/blog/2009/10/19/the-integral-field-spectroscopy-wiki/
953,"Links: Things+Dropbox, Brief Emails, Airline Upgrades, and more...",3,http://www.astrobetter.com/blog/2009/10/18/links-thingsdropbox-brief-emails-airline-upgrades-and-more/
973,"Better ways to make large image mosaics?",3,http://www.astrobetter.com/blog/2009/10/21/better-ways-to-make-large-image-mosiacs/
989,"Links: Sexist Rec Letters, ExoPlanet Names, Meeting Times, and more...",3,http://www.astrobetter.com/blog/2009/10/23/links-sexists-rec-letters-exoplanet-names-meeting-times-and-more/
1029,"Let Snow Leopard Roar",6,http://www.astrobetter.com/blog/2009/10/29/let-snow-leopard-roar/
1030,"Links: PGPLOT, Quicksilver, 1Password, and more...",3,http://www.astrobetter.com/blog/2009/10/31/links-pgplot-quicksilver-1password-and-more/
1057,"Links: Python's Many Uses, Daily Sabbaticals, Travel Tips, and more...",3,http://www.astrobetter.com/blog/2009/11/06/links-pythons-many-uses-daily-sabbaticals-travel-tips-and-more/
1063,"Tips for a Successful Writing Retreat",3,http://www.astrobetter.com/blog/2009/12/07/tips-for-a-successful-writing-retreat/
1067,"Join PDF files ",5,http://www.astrobetter.com/blog/2009/11/18/join-pdf-files/
1079,"Beautiful illustration of risk analysis",5,http://www.astrobetter.com/blog/2009/11/18/beautiful-illustration-of-risk-analysis/
1109,"Read IDL ‘save’ files into Python",7,http://www.astrobetter.com/blog/2009/11/24/read-idl-save-files-into-python/
1125,"Joining the AstroBetter team",7,http://www.astrobetter.com/blog/2009/11/23/joining-the-astrobetter-team/
1176,"Snow Leopard and Cisco VPNs",7,http://www.astrobetter.com/blog/2009/11/30/snow-leopard-and-cisco-vpns/
1239,"Links: Ergonomic Upgrades, Unfriending, Google, Twitter, and more...",3,http://www.astrobetter.com/blog/2009/11/27/links-ergonomic-upgrades-unfriending-google-twitter-and-more/
1263,.astronomy,6,http://www.astrobetter.com/blog/2009/11/29/astronomy/
1275,"Links: new IDL routines, Quicksilver updated, figure placement in LaTeX, and more...",3,http://www.astrobetter.com/blog/2009/12/04/links-new-idl-routines-quicksilver-updated-figure-placement-in-latex-and-more/
1291,"Use DropBox to keep Multiple Computers in Sync",3,http://www.astrobetter.com/blog/2009/12/23/use-dropbox-to-keep-multiple-computers-in-sync/
1341,"Links: DropBox on the iPhone, 3D Plots in LaTeX, Scheduling, and more...",3,http://www.astrobetter.com/blog/2009/12/13/links-dropbox-on-the-iphone-3d-plots-in-latex-scheduling-and-more/
1440,"Fitting surface brightness profiles",5,http://www.astrobetter.com/blog/2009/12/14/fitting-surface-brightness-profiles/
1449,"Links: Live Blogging, UK Budget Crisis, and more...",3,http://www.astrobetter.com/blog/2009/12/18/links-live-blogging-uk-budget-crisis-and-more/
1457,"MarcoPolo - Context-aware computing for Mac",7,http://www.astrobetter.com/blog/2010/01/11/marcopolo-context-aware-computing-for-mac/
1477,"Keep iCal and Address Book in Sync Across Multiple Computers: MobileMe vs. Fruux.",3,http://www.astrobetter.com/blog/2010/04/14/keep-ical-and-address-book-in-sync-across-multiple-computers-mobileme-vs-fruux/
1496,"Links: Multiple Monitors, Public Speaking, Laptop Posture, and more",3,http://www.astrobetter.com/blog/2009/12/25/links-multiple-monitors-public-speaking-laptop-posture-and-more/
1503,"Twitter at AAS next week #aas215",3,http://www.astrobetter.com/blog/2009/12/30/twitter-at-aas-next-week-aas215/
1507,"Google Wave Notifiers",6,http://www.astrobetter.com/blog/2009/12/28/macwave/
1542,"Introducing the AstroBetter Wiki",4,http://www.astrobetter.com/blog/2010/01/27/introducing-the-astrobetter-wiki/
1550,"Links: Dark Matter, AstroPy, Writing, and More",3,http://www.astrobetter.com/blog/2010/01/01/links-dark-matter-astropy-writing-and-more/
1574,"Links: Interview Practice, Key Remap, and Nexus One/Android 2.1",3,http://www.astrobetter.com/blog/2010/01/08/links-interview-practice-key-remap-and-nexus-oneandroid-2-1/
1593,"3D Plotting in Python with matplotlib mplot3d",4,http://www.astrobetter.com/blog/2010/02/01/3d-plotting-in-python-with-matplotlib-mplot3d/
1600,"Links: AAS Tweets Rundown, Screen Sharing, Wave FAQ, and more.",3,http://www.astrobetter.com/blog/2010/01/15/links-aas-tweets-rundown-screen-sharing-wave-faq-and-more/
1623,"Links: Negotiating Tenure Track Jobs, Unclutter Your Office, Collaboration Tools Compared, and more.",3,http://www.astrobetter.com/blog/2010/01/22/links-negotiating-tenure-track-jobs-unclutter-your-office-collaboration-tools-compared-and-more/
1637,"Evernote: Organize notes, emails, photos, and more all in one place.",10,http://www.astrobetter.com/blog/2010/01/25/evernote/
1649,"Are Non-Academic Jobs Worthy of the Rumor Mill?",3,http://www.astrobetter.com/blog/2010/01/25/are-non-academic-jobs-worthy-of-the-rumor-mill/
1673,"Links: iPad, Effective Delegation, Job Interviews, and More",3,http://www.astrobetter.com/blog/2010/01/29/links-ipad-effective-delegation-job-interviews-and-more/
1698,"Links: Astronomy Culture Studied, Changing Institutions, Better Presentations, and More",3,http://www.astrobetter.com/blog/2010/02/05/links-astronomy-culture-studied-changing-institutions-better-presentations-and-more/
1712,Seatguru,5,http://www.astrobetter.com/blog/2010/02/05/seatguru/
1717,"Links: Clear Distractions and Books, Google Buzz, Two Tales from the Trenches, and More.",3,http://www.astrobetter.com/blog/2010/02/12/links-clear-distractions-and-books-google-buzz-two-tales-from-the-trenches-and-more/
1733,"Automatically Create a Webpage of Articles for Astro-ph Discussion with PHP and Python.",3,http://www.astrobetter.com/blog/2010/02/15/automatically-create-a-webpage-of-articles-for-astro-ph-discussion-with-php-and-python/
1750,"Remote Presentations",10,http://www.astrobetter.com/blog/2010/02/17/remote-presentations/
1763,"Links: Nice Smells and Fair Play, a New Task Manager, Google bits, and More.",3,http://www.astrobetter.com/blog/2010/02/19/links-nice-smells-and-fair-play-a-new-task-manager-google-bits-and-more/
1780,"Links: Vertical Laptop Stands, Efficient Meetings, Poster Templates, and More.",3,http://www.astrobetter.com/blog/2010/02/26/links-vertical-laptop-stands-efficient-meetings-poster-templates-and-more/
1809,"Fourier Transforms of Images in Python",4,http://www.astrobetter.com/blog/2010/03/03/fourier-transforms-of-images-in-python/
1827,"Links: SIMBAD Annotations, IDL 8.0, Mendeley Goes Social, and More.",3,http://www.astrobetter.com/blog/2010/03/05/links-simbad-annotations-idl-8-0-mendeley-goes-social-and-more/
1845,"Links: Job Prospects, Scanning, and Google Wave.",3,http://www.astrobetter.com/blog/2010/03/12/links-job-prospects-scanning-and-google-wave/
1859,"FITS images with catalog overlays",4,http://www.astrobetter.com/blog/2010/03/17/fits-images-with-catalog-overlays/
1864,"Links: Inspiring Presentations, Parallels vs Fusion, PayPal Bumb, and More.",3,http://www.astrobetter.com/blog/2010/03/19/links-inspiring-presentations-parallels-vs-fusion-paypal-bumb-and-more/
1871,"Mendeley: The future to managing science papers?",6,http://www.astrobetter.com/blog/2010/03/22/mendeley-the-future-to-managing-science-papers/
1935,"Links: PR for MIRI, Gemini Data Workshop, and Department Culture Impacts Women in Science.",3,http://www.astrobetter.com/blog/2010/03/26/links-pr-for-miri-gemini-data-workshop-and-department-culture-impacts-women-in-science/
1945,"Links: Software Development and Call for iPad App Ideas",3,http://www.astrobetter.com/blog/2010/04/02/links-software-development-and-call-for-ipad-app-ideas/
1956,"Presenter Notes:  Get your cheatsheets off your slides!",5,http://www.astrobetter.com/blog/2011/01/19/presenternotes/
1966,"Observation planning with JSkyCalc",5,http://www.astrobetter.com/blog/2010/05/25/jskycalc/
1978,"Talks:  Fewer words, more understanding",5,http://www.astrobetter.com/blog/2010/04/12/fewer-words/
1981,"Talks:  Don't be a laptop yo-yo",5,http://www.astrobetter.com/blog/2011/02/15/wireless-remote/
2003,"Links: Effective Video Conferences, Battling Perfectionism, and Much More!",3,http://www.astrobetter.com/blog/2010/04/09/links-effective-video-conferences-battling-perfectionism-and-much-more/
2038,"Macsingularity archive now hosted at Astrobetter",8,http://www.astrobetter.com/blog/2010/04/13/macsingularity-archive-now-hosted-at-astrobetter/
2047,"Links: How to Get Off the Tenure-Track, Refereeing Tips, Facebook and Rotation Curves, and More.",3,http://www.astrobetter.com/blog/2010/04/16/links-how-to-get-off-the-tenure-track-refereeing-tips-facebook-and-rotation-curves-and-more/
2064,"Parallels Between the Catholic Church and Academia: Inappropriate Behavior and Lack of Action by Leadership",3,http://www.astrobetter.com/blog/2010/04/19/inappropriate-behavior-and-an-apt-comparison-to-the-catholic-church/
2088,"Links: Two weeks worth of links covering pretty much everything",3,http://www.astrobetter.com/blog/2010/04/30/links-two-weeks-worth-of-links-covering-pretty-much-everything/
2107,"Links: Future of NASA missions, Diversity Handbook, and more.",3,http://www.astrobetter.com/blog/2010/05/07/links-future-of-nasa-missions-diversity-handbook-and-more/
2122,"Links: NSF Budget Increase Blocked, ADS Proposes Better Data Linking, and Productivity on Airplanes.",3,http://www.astrobetter.com/blog/2010/05/14/links-nsf-budget-increase-blocked-ads-proposes-better-data-linking-and-productivity-on-airplanes/
2136,"Links: Salary Inequities, Bookmark Sync, and More.",3,http://www.astrobetter.com/blog/2010/05/21/links-salary-inequities-bookmark-sync-and-more/
2146,"Interpolation and Integration in Python",4,http://www.astrobetter.com/blog/2010/06/14/interpolation-and-integration-in-python/
2183,"Scientists:  Bringing Home the Benjamins",5,http://www.astrobetter.com/blog/2010/06/02/personal-finance/
2193,"Links: Canada Not as Progessive as We Thought, SOFIA first light flight, SALT, and More.",3,http://www.astrobetter.com/blog/2010/05/28/links-canada-not-as-progessive-as-we-thought-sofia-first-light-flight-salt-and-more/
2211,"Scientists:  Bringing Home the Benjamins, part 2",5,http://www.astrobetter.com/blog/2010/06/09/personal-finance-2/
2220,"Teaching Astro 101 Better",3,http://www.astrobetter.com/blog/2010/05/31/teaching-astro-101-better/
2262,"Manipulating and Viewing FITS Files in Python with pyds9",4,http://www.astrobetter.com/blog/2010/07/14/manipulating-and-viewing-fits-files-in-python-with-pyds9/
2278,"Links: Google is the New Sys Admin, Firefox Sync, Chart Makeovers, and More.",3,http://www.astrobetter.com/blog/2010/06/04/links-google-is-the-new-sys-admin-firefox-sync-chart-makeovers-and-more/
2301,"MacPorts 101",9,http://www.astrobetter.com/blog/2010/06/16/macports-101/
2305,"America COMPETES Passes on a Two Strike Count",8,http://www.astrobetter.com/blog/2010/06/07/america-competes-passes/
2399,"Code and text editors on MacOS X",7,http://www.astrobetter.com/blog/2010/06/21/code-and-text-editors-on-macos-x/
2428,"Links: UKIRT Not Closing, Sleeping on Planes, Nature Boycott, and More.",3,http://www.astrobetter.com/blog/2010/06/11/links-ukirt-not-closing-sleeping-on-planes-nature-boycott-and-more/
2475,"Scripting big jobs for multi-core processors",5,http://www.astrobetter.com/blog/2011/01/12/multi-core/
2480,"Links: New Mac Mini, Writing Tips, Proprietary Planets, and More.",3,http://www.astrobetter.com/blog/2010/06/18/links-new-mac-mini-writing-tips-proprietary-planets-and-more/
2492,"Spread the Word about AstroBetter",3,http://www.astrobetter.com/blog/2010/06/23/spread-the-word-about-astrobetter/
2505,"Seminar Calendars",3,http://www.astrobetter.com/blog/2010/06/23/seminar-calendars/
2525,"Links: iPhone 4, iOS 4, Google Docs, and Google Voice",3,http://www.astrobetter.com/blog/2010/06/25/links-iphone-4-ios-4-google-docs-and-google-voice/
2547,"Links: Combat Impostor Syndrome by Thinking Like a Creator Instead of a Sponge, Repercussions of Misrepresenting Results, To-Do Lists, and More.",3,http://www.astrobetter.com/blog/2010/07/02/links-july-2-2010/
2565,"Install LaTeX, AASTeX, and MN2E on Mac OS X",3,http://www.astrobetter.com/blog/2010/07/06/install-latex/
2606,"Links: Let Your Mind Wander, Credit Cards, Paranoid Collaborators, and More.",3,http://www.astrobetter.com/blog/2010/07/09/links-let-your-mind-wander-credit-cards-paranoid-collaborators-and-more/
2641,"The Power of iChat: Sharing with Yourself and Collaborators",4,http://www.astrobetter.com/blog/2010/11/12/the-power-of-ichat-sharing-with-yourself-and-collaborators/
2643,"Links: More Postdocs in Canada, Less in Ireland; Apps for Distraction Avoidance and Break Reminders; Python Style Guide; and More",3,http://www.astrobetter.com/blog/2010/07/16/links-more-postdocs-in-canada-less-in-ireland-apps-for-distraction-avoidance-and-break-reminders-python-style-guide-and-more/
2652,"Links: Astronomer HR Diagram, IDL 8.0, 20-20-20 rule, and More.",3,http://www.astrobetter.com/blog/2010/07/23/links-july-23-2010/
2665,"Veusz: A Python-Based Interactive Plotting Package",10,http://www.astrobetter.com/blog/2010/07/26/veusz/
2674,"Links: Computing Upper Limits, Writing, Teaching, New Macs, IDL, and More. ",3,http://www.astrobetter.com/blog/2010/07/30/links-july-30-2010/
2685,"Links: Representative Color Images, Unconscious Bias, Lecturecasting, Saying No, and More.",3,http://www.astrobetter.com/blog/2010/08/06/links-aug-6-2010/
2693,"Parallel Processing in Python",10,http://www.astrobetter.com/blog/2010/08/09/parallel-processing-in-python/
2710,"Job Hunting Season Opens for 2010/2011",4,http://www.astrobetter.com/blog/2010/08/16/job-hunting-2010-2011/
2717,"Links: Encouraging Creativity, Getting Started with Twitter, Ergo Mousing, and More.",3,http://www.astrobetter.com/blog/2010/08/14/links-aug-13-2010/
2718,"Astro2010 Open Thread",3,http://www.astrobetter.com/blog/2010/08/13/astro2010-open-thread/
2759,"10% of US Postdocs negotiate pay raise.",5,http://www.astrobetter.com/blog/2010/08/18/ucpostdocs-contrac/
2761,"Safari 5 Extensions",8,http://www.astrobetter.com/blog/2010/08/23/safari-5-extensions/
2804,"Links: Decadal Round Up, Myths about Girls in Science, New LaTeX Site, and Much, Much More.",3,http://www.astrobetter.com/blog/2010/08/20/links-aug-20-2010/
2853,"Links: Grad School Advice and Admissions, Plane Crash Survival Odds, Rule of 200, and More.",3,http://www.astrobetter.com/blog/2010/08/24/links-aug-24-2010/
2866,"Customizing your xTerm and Terminal: I. Color",9,http://www.astrobetter.com/blog/2010/08/25/xterm-color/
2893,"Introducing Astro Computing Today, a New Blog on the Astro Block!",10,http://www.astrobetter.com/blog/2010/08/30/introducing-astro-computing-today/
2954,"Links: Employment Prospects, No Bullet Points in Star Wars, Acadamnit, and Much More.",3,http://www.astrobetter.com/blog/2010/08/27/links-aug-27-2010/
2960,"How to easily create, read, write and manipulate tables and databases in Python with ATpy and asciitable",7,http://www.astrobetter.com/blog/2010/09/06/atpy-and-asciitable/
3006,"Links: Priority Inbox, iPad, Our Silly Brains, and More.",3,http://www.astrobetter.com/blog/2010/09/04/links-priority-inbox-ipad-our-silly-brains-and-more/
3023,"Resources for Teaching Astro 101",10,http://www.astrobetter.com/blog/2010/09/08/resources-for-teaching-astro-101/
3043,"Links: Work-Life Balance, Taxes, USB Necklace, and More.",3,http://www.astrobetter.com/blog/2010/09/10/links-work-life-balance-taxes-usb-necklace-and-more/
3048,"Links: Linear Fits to Data, the Ideal Salary, History of OS X, and More.",3,http://www.astrobetter.com/blog/2010/09/14/links-linear-fits-to-data-the-ideal-salary-history-of-os-x-and-more/
3062,"Links: CV Tips, Practice Not Using Jargon, Desk Layouts, and More.",3,http://www.astrobetter.com/blog/2010/09/17/links-cv-tips-practice-not-using-jargon-desk-layouts-and-more/
3067,"Topcat: Leader of the Catalogue Manipulation Gang",10,http://www.astrobetter.com/blog/2010/09/20/topcat-leader-of-the-catalogue-manipulation-gang/
3076,"Links: Error Estimation, Dance Your PhD, and More.",3,http://www.astrobetter.com/blog/2010/09/22/links-error-estimation-dance-your-phd-and-more/
3081,"Links: Computing, Diversity, Tenure, Teaching, and Travel...you know, the usual.",3,http://www.astrobetter.com/blog/2010/09/24/links-computing-diversity-tenure-teaching-and-travel-you-know-the-usual/
3086,"De-Grease Your Laptop with a Mr. Clean Magic Eraser",3,http://www.astrobetter.com/blog/2010/09/26/de-grease-your-laptop-with-a-mr-clean-magic-eraser/
3095,"What's Your Status? Airline Loyalty Programs",3,http://www.astrobetter.com/blog/2010/09/27/airline-loyalty-programs/
3104,"Science Journalism: Is it really that bad for Astronomy news?",3,http://www.astrobetter.com/blog/2010/09/28/science-journalism-that-bad/
3113,"10-Step Guide to Designing a Presentation",3,http://www.astrobetter.com/blog/2010/09/29/10-step-guide-to-designing-a-presentation/
3122,"Research funding: Making the cut : Nature News",3,http://www.astrobetter.com/blog/2010/10/01/research-funding-making-the-cut-nature-news/
3128," Scientists' 10 Commandments",3,http://www.astrobetter.com/blog/2010/10/01/scientists-10-commandments/
3137,"Some drawbacks to Python: Python Provocation | The e-Astronomer",3,http://www.astrobetter.com/blog/2010/10/02/some-drawbacks-to-python-python-provocation-the-e-astronomer/
3153,"Quicksilver, Quick Search Box, and now Alfred!",3,http://www.astrobetter.com/blog/2010/10/04/quicksilver-quick-search-box-alfred/
3201,"What's the Point of the AAS Meeting?",3,http://www.astrobetter.com/blog/2010/10/05/whats-the-point-of-the-aas-meeting/
3214,"Tweets from #DPS2010 Planetary Science Conference",3,http://www.astrobetter.com/blog/2010/10/05/tweets-from-dps2010/
3221,"Making RGB images from FITS files with python/matplotlib.",4,http://www.astrobetter.com/blog/2010/10/22/making-rgb-images-from-fits-files-with-pythonmatplotlib/
3226,"LaTeX and iWork on Mac OS X",3,http://www.astrobetter.com/blog/2010/10/09/latex-and-iwork-on-mac-os-x/
3232,"How and Why to use TextMate for LaTeX",3,http://www.astrobetter.com/blog/2010/10/11/how-and-why-to-use-textmate-for-latex/
3252,"Dropbox Doubles Referral Credit if You've Got a .edu Email Address",3,http://www.astrobetter.com/blog/2010/10/10/dropbox-doubles-referral-credit/
3267,"Keyboard Shortcut for ""Save as PDF...""",3,http://www.astrobetter.com/blog/2010/10/15/keyboard-shortcut-for-save-as-pdf/
3284,"Publish your computer code: it is good enough",3,http://www.astrobetter.com/blog/2010/10/15/publish-your-computer-code-it-is-good-enough/
3297,"Do you Homebrew? Does it outdo MacPorts and Fink? ",6,http://www.astrobetter.com/blog/2010/10/18/do-you-homebrew-does-it-outdo-macports-and-fink/
3342,"Command-` to switch between windows of current application",3,http://www.astrobetter.com/blog/2010/10/19/command-to-switch-between-windows-of-current-application/
3365,"Leopard is retired; long live the Spitzer Heritage Archive (SHA)! ",10,http://www.astrobetter.com/blog/2010/10/20/leopard-is-retired-long-live-the-spitzer-heritage-archive-sha/
3385,"Advice to job-seekers",5,http://www.astrobetter.com/blog/2010/10/28/advice-to-job-seekers/
3401,"Is It Time You Were Reliably Unreliable?",3,http://www.astrobetter.com/blog/2010/10/26/is-it-time-you-were-reliably-unreliable/
3403,"Java and Mac OS X",8,http://www.astrobetter.com/blog/2010/10/25/java-and-mac-os-x/
3429,"Professional Development Workshops at AAS 217 in Seattle",3,http://www.astrobetter.com/blog/2010/10/29/professional-development-workshops-at-aas-217-in-seattle/
3445,"Estimate of the Situation ",10,http://www.astrobetter.com/blog/2010/11/01/estimate-of-the-situation/
3452,"More Advice for the Job Search",3,http://www.astrobetter.com/blog/2010/11/03/more-advice-for-the-job-search/
3454,"Write Now! And Write Often",3,http://www.astrobetter.com/blog/2010/11/02/write-now-and-write-often/
3457,Procrastination,3,http://www.astrobetter.com/blog/2010/11/10/procrastinatio/
3482,"Version Control Demystified, Part 1: Version Control in Apps you already use",7,http://www.astrobetter.com/blog/2010/11/15/version-control-part-1/
3484,"Version Control Demystified, Part 2: A Subversion Primer",7,http://www.astrobetter.com/blog/2010/11/29/version-control-part-2/
3486,"Version Control Demystified, Part 3: Git and Mercurial",7,http://www.astrobetter.com/blog/2010/12/20/version-control-part-3/
3504,"Let Go, Delegate, and Let the Students Do the Work",3,http://www.astrobetter.com/blog/2010/11/08/delegating/
3522,"Writing Better Recommendation Letters",3,http://www.astrobetter.com/blog/2010/11/09/writing-better-recommendation-letters/
3542,"Communicate, Cooperate, Collaborate",3,http://www.astrobetter.com/blog/2010/11/11/communicate-cooperate-collaborate/
3633,"Google Docs to Write Collaborative Proposals",3,http://www.astrobetter.com/blog/2011/01/06/google-docs-to-write-collaborative-proposals/
3635,"BibDesk Templates to Drag & Drop into Reference List",3,http://www.astrobetter.com/?p=3635
3638,"Bad Press for JWST Due to Poor Budgeting",3,http://www.astrobetter.com/blog/2010/11/17/bad-press-for-jwst/
3644,"Sleep Better by Adjusting Screen Brightness at Night",3,http://www.astrobetter.com/blog/2010/11/19/sleep-better-by-adjusting-screen-brightness-at-night/
3691,"Are the Obvious Non-Academic Career Options for Astronomers Not As Attractive as in Other Fields?",3,http://www.astrobetter.com/blog/2010/12/15/obvious-non-academic-career-options-for-astronomers-not-as-attractive/
3693,"JWST Will Not Ravage the NASA Astrophysics Budget",3,http://www.astrobetter.com/blog/2010/12/08/jwst-will-not-ravage-the-nasa-astrophysics-budget/
3696,"PiCloud: Advantages of running python in the cloud",6,http://www.astrobetter.com/blog/2010/12/28/picloud-advantages-of-running-python-in-the-cloud/
3733,"Macworld on the Mac of the Future",8,http://www.astrobetter.com/blog/2010/12/06/macworld-on-the-mac-of-the-future/
3754,"Spread the Word about the Professional Development Workshops",3,http://www.astrobetter.com/blog/2010/12/07/spread-the-word-about-the-professional-development-workshops/
3776,"Bad Proposals Writing Techniques",3,http://www.astrobetter.com/blog/2010/12/14/bad-proposals-writing-techniques/
3778,"Unintentional Biases, Band-Wagon Effects, and the Weaknesses of the Scientific Method",3,http://www.astrobetter.com/blog/2010/12/17/unintentional-biases-band-wagon-effects-and-the-weaknesses-of-the-scientific-method/
3808,"DropBox Keeps Getting Better and Better",3,http://www.astrobetter.com/blog/2010/12/22/dropbox-keeps-getting-better-and-better/
3841,"Recommendation Letter Writing Round Up",3,http://www.astrobetter.com/blog/2010/12/21/recommendation-letter-writing-round-up/
3882,"Recent AstroStatistics Papers",4,http://www.astrobetter.com/blog/2010/12/27/recent-astrostatistics-papers/
3944,"Add Symbols and Equations to IDL Figures with LaTeX and PSfrag ",9,http://www.astrobetter.com/blog/2011/01/04/idl-psfrag/
3996,"One Way to the Battle the Gender Gap in the Science Classroom",3,http://www.astrobetter.com/blog/2010/12/29/one-way-to-the-battle-the-gender-gap-in-the-science-classroom/
4006,"TUAW List of Best Mac Apps ",3,http://www.astrobetter.com/blog/2010/12/30/tuaw-list-of-best-mac-apps/
4059,"How to Write a 5 Minute Talk",3,http://www.astrobetter.com/blog/2011/01/05/how-to-write-a-5-minute-talk/
4079,"Keeping Women in Science on a Tenure Track",4,http://www.astrobetter.com/blog/2011/01/11/keeping-women-in-science-on-a-tenure-track/
4091,"Twitter at AAS #aas217",3,http://www.astrobetter.com/blog/2011/01/07/twitter-at-aas-aas217/
4111,"Mac OS X Hints for 10.6 Snow Leopard",9,http://www.astrobetter.com/blog/2011/01/13/snow-leopard-hint/
4119,"The Mac App Store and You",8,http://www.astrobetter.com/blog/2011/01/20/thoughts-on-the-mac-app-store/
4125,"How to Turn an ASCII Table into an SDSS spectrum? [Ask AstroBetter]",3,http://www.astrobetter.com/blog/2011/01/18/how-to-turn-sdss-spectra-into-an-ascii-table-ask-astrobetter/
4182,"Learning to Give Better Talks: One Message per Slide. One Slide per Message.",3,http://www.astrobetter.com/blog/2011/01/21/learning-to-give-better-talks-one-message-per-slide-one-slide-per-message/
4185,"Word Whiskers of Self Doubt and Phantom Questions: Like, you know?",3,http://www.astrobetter.com/blog/2011/01/24/word-whiskers-of-self-doubt-and-phantom-questions-like-you-know/
4225,"Telescope and Grant Proposal Calendar [Wiki]",3,http://www.astrobetter.com/blog/2011/01/25/telescope-and-grant-proposal-calendar-wiki/
4245,"Should the Rumor Mill be more than... a rumor mill?",3,http://www.astrobetter.com/blog/2011/01/28/should-the-rumor-mill-be-more-than-a-rumor-mill/
4250,"Summer Internships and Workshops for Undergrads and Graduate Students [Wiki]",3,http://www.astrobetter.com/blog/2011/01/31/summer-internships-and-workshops-for-undergrads-and-graduate-students-wiki/
4259,"To-Do Lists with Things [From the Archives]",3,http://www.astrobetter.com/blog/2011/02/02/to-do-lists-with-things-from-the-archives/
4268,"Spectrum summarizes 2010 Decadal Survey's approach towards minorities",9,http://www.astrobetter.com/blog/2011/02/06/decadal-survey-minorities/
4291,"Guidelines for Refereeing Journal Articles [Wiki]",3,http://www.astrobetter.com/blog/2011/02/08/guidelines-for-refereeing-journal-articles-wiki/
4314,"Mute noisy conversations in GMail",7,http://www.astrobetter.com/blog/2011/02/14/mute-noisy-gmail-conversations/
4334,"Introducing Astrobites",3,http://www.astrobetter.com/blog/2011/02/11/introducing-astrobites/
4351,"Best Astronomy Undergraduate Programs?",3,http://www.astrobetter.com/blog/2011/02/16/best-astronomy-undergraduate-programs/
4371,"A Tale of Two Budgets",8,http://www.astrobetter.com/blog/2011/02/17/a-tale-of-two-budgets/
4384,"Should the Comment Feature on the Rumor Mill be Changed? [Poll]",3,http://www.astrobetter.com/blog/2011/02/18/should-the-comment-feature-on-the-rumor-mill-be-changed-poll/
4392,"An easy way to encrypt sensitive folders",5,http://www.astrobetter.com/blog/2011/02/22/an-easy-way-to-encrypt-sensitive-folders/
4398,"Funding opportunities for graduate students",5,http://www.astrobetter.com/blog/2011/02/24/funding-opportunities-for-graduate-students/
4402,"OS 10.7 (Lion) Will Bring Version Control, Application Resume, and More",9,http://www.astrobetter.com/blog/2011/02/25/os-x-lion-brings-versioncontrol-resume/
4418,"What Changes with XCode 4 Not Being Free Anymore?",9,http://www.astrobetter.com/blog/2011/03/10/mac-app-store-xcode4/
4439,"Introducing Coyote Graphics: The New Old Graphics System for IDL",10,http://www.astrobetter.com/blog/2011/03/22/introducing-coyote-graphics-the-new-old-graphics-system-for-idl/
4459,"What's the best tool to annotate PDFs?",5,http://www.astrobetter.com/blog/2011/03/23/whats-the-best-tool-to-annotate-pdfs/
4469,"Wiki Upgrade and New Page on Stellar Evolution and Atmosphere Models",4,http://www.astrobetter.com/blog/2011/04/01/wiki-upgrade-and-new-page-on-stellar-evolution-and-atmosphere-models/
4480,"What Vector Drawing Packages Are Available? [Ask AstroBetter]",9,http://www.astrobetter.com/blog/2011/03/28/vector-drawing-packag/
4508,"What are the best iphone apps for astronomers?",5,http://www.astrobetter.com/blog/2011/04/04/best-iphone-app/
4529,"iTerm2: The successor to the terminal on OSX",6,http://www.astrobetter.com/blog/2011/04/27/iterm2-the-successor-to-the-terminal-on-osx/
4537,"IRSA takes over Spitzer archive",10,http://www.astrobetter.com/blog/2011/04/14/irsa-takes-over-spitzer-archive/
4559,"LaTeX/BibTeX Tools Worth Knowing",9,http://www.astrobetter.com/blog/2011/05/23/latexbibtex-tools-worth-knowing/
4565,"Privacy Issues with the iPhone/iPad and DropBox",9,http://www.astrobetter.com/blog/2011/04/20/privacy-issues-with-iphoneipad-and-dropbox/
4574,"Wiki Update",4,http://www.astrobetter.com/blog/2011/04/21/wiki-update/
4607,"Nature on PhD Overproduction",8,http://www.astrobetter.com/blog/2011/04/25/nature-on-phd-overproduction/
4649,"Wiki Restored!",4,http://www.astrobetter.com/blog/2011/04/28/wiki-restored/
4660,"Search ADS, SIMBAD, and astro-ph with Quicksilver",3,http://www.astrobetter.com/blog/2011/05/10/search-ads-simbad-and-astro-ph-with-quicksilver/
4664,"It's true – there are too few women presenting science on TV ",3,http://www.astrobetter.com/blog/2011/05/06/its-true-%e2%80%93-there-are-too-few-women-presenting-science-on-tv/
4667,"Visualizing Simulated Data",4,http://www.astrobetter.com/blog/2011/06/09/visualizing-simulated-data/
4675,"Post-doc self-organizing [Ask AstroBetter]",5,http://www.astrobetter.com/blog/2011/05/11/post-doc-activities/
4700,"[Link] Recovering from End-of-the-Semester Burnout",3,http://www.astrobetter.com/blog/2011/05/12/link-recovering-from-end-of-the-semester-burnout/
4706,"Study on Interactive Lecture in Physics Courses Slammed by NY Times",3,http://www.astrobetter.com/blog/2011/05/13/study-on-interactive-lecture-in-physics-courses-slammed-by-ny-times/
4716,"Keynote's Export to PDF Saved My Talk",3,http://www.astrobetter.com/blog/2011/05/18/keynotes-export-to-pdf-saved-my-talk/
4735,"Roundup:  Communicating Science",5,http://www.astrobetter.com/blog/2011/05/20/roundup-communicating-science/
4757,"nvALT, a note-taking and -organizing software",9,http://www.astrobetter.com/?p=4757
4765,"Python Tutorial for Astronomers",7,http://www.astrobetter.com/blog/2011/05/25/python4astronomers/
4774,"How to delete entire words and lines in OS X",3,http://www.astrobetter.com/blog/2011/05/24/how-to-delete-entire-words-and-lines-in-os-x/
4786,"Career Advice on Cosmic Variance",3,http://www.astrobetter.com/blog/2011/05/27/career-advice-on-cosmic-variance/
4803,"Got the time?  [Ask AstroBetter]",5,http://www.astrobetter.com/blog/2011/06/02/got-the-time-ask-astrobetter/
4810,"Custom Search Engine for ADS BibTeX",9,http://www.astrobetter.com/blog/2011/06/07/custom-search-engine-for-ads-bibtex/
4837,"Twitter-Based Astronomy Journal Club",3,http://www.astrobetter.com/blog/2011/06/08/twitter-based-astronomy-journal-club/
4853,"Terminal bake-off",5,http://www.astrobetter.com/blog/2011/06/10/terminal-bake-off/
4862,"New Blog: GradHacker",3,http://www.astrobetter.com/blog/2011/06/14/new-blog-gradhacker/
4884,"Extremely Large Telescope Might End Up Not Quite as Large [Links]",3,http://www.astrobetter.com/blog/2011/06/16/extremely-large-telescope-might-end-up-not-quite-as-large-links/
4892,"Update on grad student unionizing",5,http://www.astrobetter.com/blog/2011/06/22/update-on-grad-student-unionizing/
4899,"Revised NSF Merit Review Criteria",3,http://www.astrobetter.com/blog/2011/06/21/revised-nsf-merit-review-criteria/
4916,"OS X Lion Install",4,http://www.astrobetter.com/blog/2011/07/26/os-x-lion-install/
4928,"Giving Presentations from the iPad? [Ask Astrobetter]",3,http://www.astrobetter.com/blog/2011/08/10/presentations-on-ipad/
4985,"Our First Pledge Drive",3,http://www.astrobetter.com/blog/2011/08/07/our-first-pledge-drive/
5082,"Thank You for Supporting AstroBetter!",3,http://www.astrobetter.com/blog/2011/08/18/thank-you-for-supporting-astrobetter/
5094,"Rumor Mill 2011–2012 is now open",4,http://www.astrobetter.com/blog/2011/08/23/rumor-mill-2011%e2%80%932012-is-now-open/
5101,"Maps of Astronomy Programs",3,http://www.astrobetter.com/blog/2011/08/29/maps-of-astronomy-programs/
5113,"What do you think the priorities should be for US ground-based astronomy?",3,http://www.astrobetter.com/blog/2011/08/26/what-do-you-think-the-priorities-should-be-for-us-ground-based-astronomy/
5129,"Python 2 to 3 transition",4,http://www.astrobetter.com/blog/2011/08/31/python-2-to-3-transition/
5135,"Astrophysics Source Code Library (ASCL)",10,http://www.astrobetter.com/blog/2011/09/02/astrophysics-source-code-library-ascl/
5142,"Call to Action to Save JWST",3,http://www.astrobetter.com/blog/2011/09/02/call-to-action-to-save-jwst/
5163,"iObserve: The Astronomical Observing App We've Been Waiting For",10,http://www.astrobetter.com/blog/2011/09/14/iobserve-the-astronomical-observing-app-weve-been-waiting-for/
5168,"Professional Development at AAS 219 in Austin",3,http://www.astrobetter.com/blog/2011/09/15/professional-development-at-aas-219-in-austin/
5190,"[Link] Statistics with Python",4,http://www.astrobetter.com/blog/2011/09/30/link-statistics-with-python/
5202,"Drinking with Colleagues [Links]",3,http://www.astrobetter.com/blog/2011/10/17/drinking-with-colleagues-links/
5206,"US Ground-Based Astronomy Threatened",3,http://www.astrobetter.com/blog/2011/10/25/us-ground-based-astronomy-threatened/
5215,"Quicksilver Lives",3,http://www.astrobetter.com/blog/2011/10/27/quicksilver-lives/
5229,"Stargazing Apps Giveaway",3,http://www.astrobetter.com/blog/2011/10/28/stargazing-apps-giveaway/
5238,"Results: Stargazing Apps Giveaway",4,http://www.astrobetter.com/blog/2011/10/31/results-stargazing-apps-giveaway/
5243,"What about MS Word?",5,http://www.astrobetter.com/blog/2011/11/02/what-about-ms-word/
5245,"Solid state drives - a geekout",5,http://www.astrobetter.com/blog/2011/11/07/solid-state-drives-a-geekout/
5255,"What postscript-viewers are available for iPad? [Ask AstroBetter] ",9,http://www.astrobetter.com/blog/2011/11/09/postscript-viewers-for-ipad/
5262,"Digitize that figure, fast",5,http://www.astrobetter.com/blog/2011/11/17/digitize-that-figure-fast/
5278,"Valuing all Kinds of Astronomy Smarts",3,http://www.astrobetter.com/blog/2011/11/21/valuing-all-kinds-of-astronomy-smarts/
5289,"What operating systems do astronomers use?",5,http://www.astrobetter.com/blog/2011/12/20/os-apt-astronomers/
5305,"Help Shape the Future of Ground-Based Optical and Infrared Astronomy",3,http://www.astrobetter.com/blog/2011/11/30/help-shape-the-future-of-ground-based-optical-and-infrared-astronomy/
5331,"Citation Etiquette",3,http://www.astrobetter.com/blog/2011/12/15/be-nice-cite/
5332,"Minimize Unconscious Bias in Recommendation Letters",3,http://www.astrobetter.com/blog/2011/12/07/minimize-unconscious-bias-in-recommendation-letters/
5341,"Follow the Rumors",4,http://www.astrobetter.com/blog/2011/12/19/follow-the-rumors/
5348,"Bayesian Inference in Python",4,http://www.astrobetter.com/blog/2012/02/24/bayesian-inference-in-python/
5354,"To Post or Not to Post: Publishing to the ArXiv Before Acceptance",3,http://www.astrobetter.com/blog/2011/12/12/to-post-or-not-to-post-publishing-to-the-arxiv-before-acceptance/
5400,"What Operating Systems Do AstroBetter Readers Use?",5,http://www.astrobetter.com/blog/2011/12/28/astrobetter-operating-systems/
5433,"Support Family Leave Policies for Grad Students and Postdocs",3,http://www.astrobetter.com/blog/2011/12/21/support-family-leave-policies-for-grad-students-and-postdocs/
5442,"Peer Review Discussion",3,http://www.astrobetter.com/blog/2012/04/23/peer-review-discussion/
5447,"Twitter at AAS in Austin #aas219",3,http://www.astrobetter.com/blog/2012/01/05/twitter-at-aas-in-austin-aas219/
5463,"What I Learned About Astro Outreach From Giving a TEDx Talk",5,http://www.astrobetter.com/blog/2012/01/23/what-i-learned-about-outreach-from-tedx/
5468,"Review of Book about Gemini Observatory",5,http://www.astrobetter.com/blog/2012/02/01/gemini-book-review/
5474,"AAS 219 Twitter Review: Presentations",4,http://www.astrobetter.com/blog/2012/01/18/aas-219-twitter-review-presentations/
5485,"AAS 219 Twitter Review: The Stats (#aas219)",3,http://www.astrobetter.com/blog/2012/01/16/aas-219-twitter-review-the-stats-aas219/
5489,"AAS 219 Twitter Review: The Postdoc Job Market",4,http://www.astrobetter.com/blog/2012/01/19/aas-219-twitter-review-the-postdoc-job-market/
5492,"AAS 219 Twitter Review: Miscellaneous",4,http://www.astrobetter.com/blog/2012/01/20/aas-219-twitter-review-miscellaneous/
5520,"The Astropy Project: A core Python package for Astronomy",7,http://www.astrobetter.com/blog/2012/01/30/the-astropy-project/
5545,"Astropy website/logo design competition",7,http://www.astrobetter.com/blog/2012/02/06/astropy-websitelogo-design-competition/
5559,"Pretty plotting of spectra?  [Ask AstroBetter]",5,http://www.astrobetter.com/blog/2012/01/27/pretty-plotting-of-spectra-ask-astrobetter/
5578,"So you want to be a frequent flier? (Part 1)",10,http://www.astrobetter.com/blog/2012/02/17/so-you-want-to-be-a-frequent-flier-part-1/
5580,"LaTeX on the iPad [Ask AstroBetter]",3,http://www.astrobetter.com/blog/2012/02/03/latex-on-the-ipad-ask-astrobetter/
5597,"Code in the Astrophysics Code Source Library is now citeable",10,http://www.astrobetter.com/blog/2012/02/08/code-in-the-astrophysics-code-source-library-is-now-citeable/
5622,"Marketing for Scientists: A Book about the Business of Doing Science",10,http://www.astrobetter.com/blog/2012/02/15/marketing-for-scientists-a-new-book-about-the-business-of-doing-science/
5654,"Social Media for Scientists",4,http://www.astrobetter.com/blog/2012/03/21/social-media-for-scientists/
5660,"Crowdfunding Astronomy Research",10,http://www.astrobetter.com/blog/2012/02/22/crowdfunding-astronomy-research/
5672,"Job Interview Advice on the CSWA's blog",3,http://www.astrobetter.com/blog/2012/02/29/job-interview-advice-on-the-cswas-blog/
5676,"Tutorial for embedding 3D interactive graphics into PDF ",10,http://www.astrobetter.com/blog/2012/03/07/tutorial-for-embedding-3d-interactive-graphics-into-pdf/
5693,"What's our Greatest Weakness?",3,http://www.astrobetter.com/blog/2012/03/14/whats-our-greatest-weakness/
5696,"Sharing Astro Course Notes and Classroom Activities [Wiki]",4,http://www.astrobetter.com/blog/2012/04/16/sharing-astro-course-notes-and-classroom-activities-wiki/
5705,"'Be Yourself' - Truth or Myth? [Link]",4,http://www.astrobetter.com/blog/2012/05/04/be-yourself-truth-or-myth-link/
5707,"Speaking with Confidence - or Why We Ramble [Link]",4,http://www.astrobetter.com/blog/2012/04/27/speaking-with-confidence-or-why-we-ramble/
5712,"Research Blogs: Sharing results as they happen",3,http://www.astrobetter.com/blog/2012/03/19/research-blogs-sharing-results-as-they-happen/
5721,"Collaborative LaTeX writing:  a review of ScribTeX ",5,http://www.astrobetter.com/blog/2012/03/26/collaborative-latex-writing-a-review-of-scribtex/
5740,"Why write collaboratively?",5,http://www.astrobetter.com/blog/2012/04/09/collaborative-writing/
5749,"How do you find out about new AstroBetter posts?",3,http://www.astrobetter.com/blog/2012/03/23/how-do-you-find-out-about-new-astrobetter-posts/
5761,"Tools to write collaboratively",5,http://www.astrobetter.com/blog/2012/05/07/tools-to-write-collaboratively/
5775,"Backup or Shut Up [Links]",3,http://www.astrobetter.com/blog/2012/03/28/backup-or-shut-up-links/
5818,"Python Installation and Ecosystem Tutorial",10,http://www.astrobetter.com/blog/2012/04/11/python-installation-and-ecosystem-tutorial/
5836,"ArXivSorter: A Sorting Algorithm for Astro-ph",9,http://www.astrobetter.com/blog/2012/04/18/arxivsorter/
5854,"Peer Mentoring",10,http://www.astrobetter.com/blog/2012/04/20/peer-mentoring/
5873,"QR Codes to Enrich Posters",10,http://www.astrobetter.com/blog/2012/04/25/qr-codes/
5903,"Creating the documentary ""Black Sun""",10,http://www.astrobetter.com/blog/2012/05/09/black-sun/
5924,"Searching MAST",10,http://www.astrobetter.com/blog/2012/05/21/searching-mast/
5928,"New ADS Paper Discovery Tool",10,http://www.astrobetter.com/blog/2012/05/28/new-nasa-ads-citation-helper/
5955,"Mac Care and Maintenence [Wiki]",3,http://www.astrobetter.com/blog/2012/05/30/mac-care-and-maintenence-wiki/
5962,"iObserve: An Observer's Perspective",9,http://www.astrobetter.com/blog/2012/05/23/iobserve-an-observers-perspective/
5976,"Virtual Observatory In Progress [Link]",3,http://www.astrobetter.com/blog/2012/05/25/virtual-observatory-in-progress-link/
5980,"Learning Python - The Interactive Way",4,http://www.astrobetter.com/blog/2012/06/18/learning-python-the-interactive-way/
5983,"Permission to Take a Vacation",3,http://www.astrobetter.com/blog/2012/06/11/permission-to-take-a-vacation/
5995,"SAOImage DS9: Version 7 Released",10,http://www.astrobetter.com/blog/2012/06/13/saoimage-ds9-version-7-released/
6010,"Learning Python -- The DIY Way",10,http://www.astrobetter.com/blog/2012/07/17/learning-python-the-diy-way/
6021,"Digital Publishing Steps Beyond the PDF [Link]",4,http://www.astrobetter.com/blog/2012/07/20/digital-publishing-steps-beyond-the-pdf-link/
6024,"Peer Review, the Nuts and Bolts [Links]",4,http://www.astrobetter.com/blog/2012/07/27/peer-review-the-nuts-and-bolts-links/
6032,"Things Astronomers Say Video",3,http://www.astrobetter.com/blog/2012/07/20/things-astronomers-say-video/
6045,"Practicing for phone interviews",5,http://www.astrobetter.com/blog/2012/08/08/practicing-a-phone-interview/
6049,"What discoveries are worthy of a press release?  [Ask Astrobetter]",5,http://www.astrobetter.com/blog/2012/08/01/what-discoveries-are-worthy-of-a-press-release-ask-astrobetter/
6052,"Rumor Mill 2012-2013 is Now Open",4,http://www.astrobetter.com/blog/2012/07/30/rumor-mill-2012-2013-is-now-open/
6068,"The Road Less Traveled: Organizing Discussions of Non-Academic Career Paths",10,http://www.astrobetter.com/blog/2012/08/06/the-road-less-traveled-organizing-discussions-of-non-academic-career-paths/
6084,"OS X 10.8 Mountain Lion: What Has Changed?",9,http://www.astrobetter.com/blog/2012/08/13/os-x-10-8-mountain-lion-what-has-changed/
6093,"Let's Discuss the NSF Portfolio Review Report",3,http://www.astrobetter.com/blog/2012/08/17/lets-discuss-the-nsf-portfolio-review-report/
6104,"The Brown Dwarf Converter App for iOS",10,http://www.astrobetter.com/blog/2012/08/20/the-brown-dwarf-converter-app-for-iphone/
6117,"Guide to Developing an App for iOS",10,http://www.astrobetter.com/blog/2013/04/29/guide-to-developing-an-app-for-ios/
6134,"Permanent Jobs Elusive for Recent PhDs [Link]",4,http://www.astrobetter.com/blog/2012/09/13/permanent-jobs-elusive-for-recent-phds-link/
6139,"Parental Leave Wiki Here on AstroBetter",14,http://www.astrobetter.com/blog/2012/09/17/parental-leave-wiki-here-on-astrobetter/
6146,"Is emulateapj worth the trouble?",9,http://www.astrobetter.com/blog/2012/09/19/is-emulateapj-worth-the-trouble/
6154,"Which meta data should be included in ArXiv postings?",9,http://www.astrobetter.com/blog/2012/10/08/which-meta-data-should-be-included-in-arxiv-postings/
6165,"Not What We Want",3,http://www.astrobetter.com/blog/2012/10/10/not-what-we-want/
6173,"Filtergraph: A Web-based Data Visualization Application",10,http://www.astrobetter.com/blog/2012/10/15/filtergraph-a-web-based-data-visualization-application/
6227,"Teaching and Mentoring as a Relationship",3,http://www.astrobetter.com/blog/2012/10/23/teaching-and-mentoring-as-relationship/
6230,"The Part-Time Scientist",14,http://www.astrobetter.com/blog/2012/10/24/the-part-time-scientist/
6243,"One small step for a hiring committee...",14,http://www.astrobetter.com/blog/2012/10/30/one-small-step-for-a-hiring-committee/
6248,"Why do you think there is a gender gap?",4,http://www.astrobetter.com/blog/2012/10/30/why-do-you-think-there-is-a-gender-gap/
6256,"Honing your Hubble Application",10,http://www.astrobetter.com/blog/2014/08/20/honing-your-hubble-application/
6263,"Should astronomy journals accept PDF figures for publication?",6,http://www.astrobetter.com/blog/2012/11/06/should-astronomy-journals-accept-pdf-figures-for-publication/
6281,"Negotiation is a Dialogue: Compiled Advice",14,http://www.astrobetter.com/blog/2012/11/11/negotiation-is-a-dialogue-compiled-advice/
6289,"Updating Physics Education",3,http://www.astrobetter.com/blog/2012/11/14/updating-physics-education/
6305,"Fostering a Deeply Fulfilling Professional and Personal Life for Yourself and Those You Lead",3,http://www.astrobetter.com/blog/2012/11/21/fostering-a-deeply-fulfilling-professional-and-personal-life-for-yourself-and-those-you-lead/
6312,"Endorse the System Roadmap Commitee's Statement on the NSF Portfolio Review",3,http://www.astrobetter.com/blog/2012/12/03/endorse-the-system-roadmap-commitees-statement-on-the-nsf-portfolio-review/
6323,"'Tis the Season: Job Interview Resources & Advice",14,http://www.astrobetter.com/blog/2012/12/14/tis-the-season-job-interview-resources-advice/
6327,"Python in Latex with Sympy",4,http://www.astrobetter.com/blog/2013/01/30/python-in-latex-with-sympy/
6330,"Spotlight on Careers - Request for Feedback on Interview Questions",14,http://www.astrobetter.com/blog/2012/12/19/spotlight-on-careers-request-for-feedback-on-interview-questions/
6340,"AstroBetter is Hiring",3,http://www.astrobetter.com/blog/2012/12/29/astrobetter-is-hiring/
6352,"Remote display in python?  [Ask Astrobetter]",5,http://www.astrobetter.com/blog/2012/12/31/remote-display-in-python-ask-astrobetter/
6357,"Astronomer to Data Scientist",14,http://www.astrobetter.com/blog/2013/01/02/astronomer-to-data-scientist/
6363,"#AAS221 Meeting: Twitter, AstroBetter/Bites Booth, Career Monday, Networking Bingo, and #hackAAS",3,http://www.astrobetter.com/blog/2013/01/05/aas221-meeting-twitter-astrobetterbites-booth-career-monday-networking-bingo-and-hackaas/
6372,"How to improve the AAS meeting?",5,http://www.astrobetter.com/blog/2013/01/11/how-to-improve-the-aas-meeting/
6377,"Summary of First Inaugural Hack Day at AAS (#AAS221)",10,http://www.astrobetter.com/blog/2013/01/23/summary-of-first-inaugural-hack-day-at-aas-aas221/
6399,"Too Much Rumor Mill",4,http://www.astrobetter.com/blog/2013/01/24/too-much-rumor-mill/
6402,"Writing Papers, Making Videos: OSU Astronomy ""Coffee Briefs""",10,http://www.astrobetter.com/blog/2013/02/11/writing-papers-making-videos-osu-astronomy-coffee-briefs/
6403,"What fringe benefits do various institutions offer to postdocs?",3,http://www.astrobetter.com/blog/2013/01/28/what-fringe-benefits-does-your-institution-give-postdocs/
6463,"Astronomers Make a Music Video: Fund Me, Maybe?",10,http://www.astrobetter.com/blog/2013/02/06/astronomers-make-a-music-video-fund-me-maybe/
6480,"Astronomy vs. Data Science",17,http://www.astrobetter.com/blog/2013/02/04/astronomy-vs-data-science/
6504,"New Faculty Job Search Wiki Page",10,http://www.astrobetter.com/blog/2013/02/13/new-faculty-job-search-wiki-page/
6511,"Plotting to a File in Python",17,http://www.astrobetter.com/blog/2013/09/20/plotting-to-a-file-in-python/
6522,"How to Make Awesome Latex Tables",17,http://www.astrobetter.com/blog/2013/09/13/how-to-make-awesome-latex-tables/
6532,"What's the deal with Scisoft? [Ask AstroBetter]",3,http://www.astrobetter.com/blog/2013/02/19/whats-the-deal-with-scisoft-ask-astrobetter/
6539,"Announcing Astropy v0.2: The First Release of the Community Built Astronomy Python Package",7,http://www.astrobetter.com/blog/2013/04/10/first-public-release-of-astropy/
6574,"Communicating Science Workshop for Grad Students",10,http://www.astrobetter.com/blog/2013/02/25/communicating-science-workshop-for-grad-students/
6585,"GRE Scores are an Obstacle to Diversity in Graduate Admissions",10,http://www.astrobetter.com/blog/2013/04/22/gres-and-diversity-in-graduate-admissions/
6607,"New on the wiki: How to Observe",19,http://www.astrobetter.com/blog/2013/04/05/new-on-the-wiki-how-to-observe/
6617,"What do we want?",3,http://www.astrobetter.com/?p=6617
6624,"Wiki update: interview questions",19,http://www.astrobetter.com/blog/2013/04/10/wiki-update-interview-questions/
6631,"Immersing Yourself in Your Data: Using Virtual World Engines to Solve ""Big"" Data",10,http://www.astrobetter.com/blog/2013/03/25/immersing-yourself-in-your-data/
6680,"Career Profiles: Astronomer to Video Game Programmer",14,http://www.astrobetter.com/blog/2013/04/18/aas-career-profiles-interview-project-astronomer-to-software-engineer/
6721,"The importance of thank you notes",10,http://www.astrobetter.com/blog/2013/08/19/the-importance-of-thank-you-notes/
6737,"A resource for fully calibrated NASA data",10,http://www.astrobetter.com/blog/2013/07/01/a-resource-for-fully-calibrated-nasa-data/
6747,"Presentations on iPad v2 [Ask AstroBetter]",3,http://www.astrobetter.com/blog/2013/04/24/presentations-on-ipad-v2-ask-astrobetter/
6762,"Strategies for improving diversity in the physical sciences",19,http://www.astrobetter.com/blog/2013/07/03/strategies-for-improving-diversity-in-the-physical-sciences/
6777,"Career Profile: Astronomer to Web Editor for Sky & Telescope",14,http://www.astrobetter.com/blog/2013/05/02/career-profile-astronomer-to-web-editor-for-sky-telescope/
6787,"How much does a typical astronomy paper cost taxpayers?",19,http://www.astrobetter.com/blog/2013/04/26/how-much-does-a-typical-astronomy-paper-cost-taxpayers/
6796,"Evernote for scientists: mastering the electronic lab notebook",19,http://www.astrobetter.com/blog/2013/06/24/evernote-for-scientists/
6798,"making movies",18,http://www.astrobetter.com/?p=6798
6808,"New on the wiki: acknowledgements",19,http://www.astrobetter.com/blog/2013/05/17/new-on-the-wiki-acknowledgements/
6811,"How should we acknowledge AstroBetter?",19,http://www.astrobetter.com/blog/2013/06/26/how-should-we-acknowledge-astrobetter/
6824,"Crowdfunding Outreach: Neurodome, a planetarium show about the brain and our drive to explore",3,http://www.astrobetter.com/blog/2013/05/07/crowdfunding-outreach-neurodome-a-planetarium-show-about-the-brain-and-our-drive-to-explore/
6836,"New on the wiki: astronomy degree programs",19,http://www.astrobetter.com/blog/2013/05/10/new-on-the-wiki-astronomy-degree-programs/
6841,"ADS: How to find author names and affiliations",10,http://www.astrobetter.com/blog/2013/07/22/ads-how-to-find-author-names-and-affiliations/
6862,"Career Profiles: Astronomer to Math Teacher",14,http://www.astrobetter.com/blog/2013/05/23/career-profiles-astronomer-to-math-teacher/
6871,"Career Profiles: Astronomer to Tenure Track Faculty",14,http://www.astrobetter.com/?p=6871
6880,"Career Profile: Astronomer to Tenure Track Faculty",14,http://www.astrobetter.com/blog/2013/06/06/career-profile-astronomer-to-tenure-track-faculty/
6890,"Options for Saving in Python",4,http://www.astrobetter.com/blog/2013/07/29/python-tip-storing-data/
6895,"Career Profiles: Astronomer to Research Scientist in Genetics",14,http://www.astrobetter.com/blog/2013/06/20/career-profiles-astronomer-to-research-scientist-in-genetics/
6921,"The PhD Placement Project",19,http://www.astrobetter.com/blog/2013/06/28/phd-placement-project/
6940,"Python Tip: Re-sampling spectra with pysynphot",4,http://www.astrobetter.com/blog/2013/08/12/python-tip-re-sampling-spectra-with-pysynphot/
6952,"A call for open access to all data used in AJ and ApJ articles",3,http://www.astrobetter.com/blog/2013/07/10/a-call-for-open-access-to-all-data-used-in-aj-and-apj-articles/
6975,"How and when to say ""no""",19,http://www.astrobetter.com/blog/2013/07/05/how-and-when-to-say-no/
6990,"The Inside Scoop on NSF Review Panels",10,http://www.astrobetter.com/blog/2013/07/08/the-inside-scoop-on-nsf-review-panels/
7006,"Apple Notes: a look at the revamped electronic notebook",19,http://www.astrobetter.com/blog/2013/08/09/apple-notes-electronic-notebook/
7045,"Better diagrams for your presentations",19,http://www.astrobetter.com/blog/2013/07/17/better-diagrams-for-your-presentations/
7056,"10 Best Practices for Scientific Computing",19,http://www.astrobetter.com/blog/2013/08/01/10-best-practices-for-scientific-computing/
7058,"What was your REU experience?",10,http://www.astrobetter.com/blog/2013/07/24/what-was-your-reu-experience/
7074,"Ethics and Diversity Poll",4,http://www.astrobetter.com/blog/2013/09/02/ethics-and-diversity-poll/
7078,"Grad School Blues",17,http://www.astrobetter.com/blog/2013/07/26/grad-school-blues/
7086,"Ureka! - A new easy-to-install IRAF + PyRAF distribution from STScI and Gemini",10,http://www.astrobetter.com/blog/2013/07/15/ureka-a-new-easy-to-install-iraf-pyraf-distribution-from-stsci-and-gemini/
7154,"Visualizing Astronomical Data with Blender",10,http://www.astrobetter.com/blog/2013/08/05/visualizing-astronomical-data-with-blender/
7179,"Resources for mental health issues",19,http://www.astrobetter.com/blog/2013/08/16/resources-for-mental-health-issues/
7197,"New on the wiki: post-tenure career advice",19,http://www.astrobetter.com/blog/2013/08/21/new-on-the-wiki-post-tenure-career-advice/
7205,"Graduate School as Entrepreneurship",10,http://www.astrobetter.com/blog/2013/08/26/graduate-school-as-entrepreneurship/
7209,"Rumor Mill 2013-2014 is Now Open",4,http://www.astrobetter.com/blog/2013/08/10/rumor-mill-2013-2014-is-now-open/
7235,"The ""Gray Zone"" of Academic Ethics: Results and Reactions",10,http://www.astrobetter.com/blog/2013/11/25/the-gray-zone-of-academic-ethics-results-and-reactions/
7243,"The adviser every grad student needs [Link]",19,http://www.astrobetter.com/blog/2013/08/23/the-adviser-every-grad-student-needs-link/
7253,"Entrepreneurship’s role in physics education",10,http://www.astrobetter.com/blog/2013/08/28/entrepreneurships-role-in-physics-education/
7272,"Career Profiles: Astronomer to Patent Examiner",14,http://www.astrobetter.com/blog/2013/09/19/career-profiles-astronomer-to-patent-examiner/
7285,"Conference highlights from SciPy 2013",10,http://www.astrobetter.com/blog/2013/09/04/conference-highlights-from-scipy-2013/
7301,"Tenure-track or 7-year postdoc? [Link]",19,http://www.astrobetter.com/blog/2013/09/06/tenure-track-or-7-year-postdoc-link/
7330,"Career Profiles: Astronomer to Consultant",14,http://www.astrobetter.com/blog/2013/09/26/career-profiles-astronomer-to-consultant/
7337,"Career Profiles: Astronomer to Tenure Track Faculty and Observatory Project Scientist",14,http://www.astrobetter.com/blog/2013/10/03/career-profiles-astronomer-to-tenure-track-faculty-and-observatory-project-scientist/
7346,"Career Profiles: Astronomer to Physics Department Head",14,http://www.astrobetter.com/blog/2013/10/10/career-profiles-astronomer-to-physics-department-head/
7379,"Conference organizing 101",19,http://www.astrobetter.com/blog/2013/09/11/conference-organizing-101/
7398,"Release: Iris 2.0 - SED analysis tool",10,http://www.astrobetter.com/blog/2013/09/18/release-iris-2-0-sed-analysis-tool/
7414,"iObserve 1.3",10,http://www.astrobetter.com/blog/2013/09/16/iobserve-1-3/
7436,"Data Visualization at IRSA",10,http://www.astrobetter.com/blog/2013/09/23/data-visualization-at-irsa/
7488,"Careers for Astronomy PhDs",10,http://www.astrobetter.com/blog/2013/10/02/careers-for-astronomy-phds/
7497,"Career Profiles: Astronomer to Research Analyst in the Defense Industry",14,http://www.astrobetter.com/blog/2013/11/07/career-profiles-astronomer-to-research-analyst-in-the-defense-industry/
7502,"Career Profiles: Astronomer to Research Scientist at the Smithsonian Astrophysical Observatory",14,http://www.astrobetter.com/blog/2013/10/31/career-profiles-astronomer-to-research-scientist-at-the-smithsonian-astrophysical-observatory/
7510,"Career Profiles: Astronomer to Non-Tenure-Track Lecturer",14,http://www.astrobetter.com/blog/2013/10/24/career-profiles-astronomer-to-non-tenure-track-lecturer/
7515,"Career Profiles: Astronomer to Electrical Engineer",14,http://www.astrobetter.com/blog/2013/10/17/career-profiles-astronomer-to-electrical-engineer/
7530,"How does an astronomer break into data science?  Interview with Dr. Andrea Leistra",5,http://www.astrobetter.com/blog/2014/01/29/how-does-an-astronomer-break-into-data-science-interview-with-dr-andrea-leistra/
7537,"Learning to Accept Rejection, the Likely Outcome for Most of our Proposals",5,http://www.astrobetter.com/blog/2013/10/28/learning-to-accept-rejection/
7561,"Friday links: the gender and enrollment gap",19,http://www.astrobetter.com/blog/2013/10/11/friday-links-the-gender-and-enrollment-gap/
7594,"Professional development at the 2014 Winter AAS Meeting",19,http://www.astrobetter.com/blog/2013/10/17/professional-development-at-the-2014-winter-aas-meeting/
7616,"Advice for Applying to Grad School in Astronomy?",5,http://www.astrobetter.com/blog/2013/11/04/grad-school-advice/
7639,"A tale of three proposals",10,http://www.astrobetter.com/blog/2013/11/20/a-tale-of-three-proposals/
7641,"How to give a killer talk",19,http://www.astrobetter.com/blog/2014/01/03/how-to-give-a-killer-talk/
7659,"Two Body Careers Survey",17,http://www.astrobetter.com/blog/2013/11/22/two-body-careers-survey/
7666,"Nailing the Tech Interview",17,http://www.astrobetter.com/blog/2013/12/02/nailing-the-tech-interview/
7680,"I'm sorry this blog post is late",10,http://www.astrobetter.com/blog/2013/12/04/im-sorry-this-blog-post-is-late/
7721,"Are we publishing unreliable research?",19,http://www.astrobetter.com/blog/2013/12/06/are-we-publishing-unreliable-research/
7732,"Letters of rec",18,http://www.astrobetter.com/?p=7732
7736,"A New Way To Search, A New Way To Discover: MAST Discovery Portal Goes Live",10,http://www.astrobetter.com/blog/2013/12/30/mast-discovery-portal/
7758,"Make award winning posters",19,http://www.astrobetter.com/blog/2013/12/27/make-award-winning-posters/
7762,"Data Publishing: The AAS Journal's perspective",10,http://www.astrobetter.com/?p=7762
7781,"Advanced Design Patterns in Python",4,http://www.astrobetter.com/blog/2014/01/08/advanced-design-patterns-in-python/
7792,"Sprint to #AAS223 and into 2014",3,http://www.astrobetter.com/blog/2013/12/31/sprint-to-aas223-and-into-2014/
7797,"Project to study gender in #AAS223 talks and questioners",10,http://www.astrobetter.com/blog/2013/12/31/project-to-study-gender-in-aas223-talks-and-questioners/
7804,"Tweeting the #AAS223 meeting and introducing #AASviz",10,http://www.astrobetter.com/blog/2014/01/01/tweeting-the-aas223-meeting-and-introducing-aasviz/
7816,"Flirt with extreme caution #AAS223",3,http://www.astrobetter.com/blog/2014/01/02/flirt-with-extreme-caution-aas223/
7831,"Escape of the Clones: How to Get a Non-Academic Job",10,http://www.astrobetter.com/blog/2014/01/13/escape-of-the-clones-how-to-get-a-non-academic-job/
7839,"Newbies Guide to Town Halls at #AAS223",3,http://www.astrobetter.com/blog/2014/01/03/newbies-guide-to-town-halls-at-aas223/
7841,"Linking Visualization and Understanding in Astronomy #AAS223 #AASviz",10,http://www.astrobetter.com/blog/2014/01/05/linking-visualization-and-understanding-in-astronomy-aas223/
7875,"Astropy v0.3 Release",10,http://www.astrobetter.com/blog/2014/01/15/astropy-v0-3-release/
7896,"Slim down your bloated graphics",4,http://www.astrobetter.com/blog/2014/01/17/slim-down-your-bloated-graphics/
7912,"AAS Hack Day 2014",20,http://www.astrobetter.com/blog/2014/01/22/aas-hack-day-2014/
7916,"How to improve the winter AAS meeting?  (2014 edition)",5,http://www.astrobetter.com/blog/2014/01/15/how-to-improve-the-winter-aas-meeting-2014-edition/
7996,"My Successful Experience with Sexual Harassment",17,http://www.astrobetter.com/blog/2014/01/22/a-successful-experience-with-sexual-harassment/
8015,"Starting your own non-profit organization",10,http://www.astrobetter.com/blog/2014/02/03/starting-your-own-non-profit-organization/
8029,"Visualization Fun with Python",17,http://www.astrobetter.com/blog/2014/02/10/visualization-fun-with-python-2d-histogram-with-1d-histograms-on-axes/
8067,"Career Profiles: Astronomer to Director for the Centre of Excellence for All-Sky Astrophysics",14,http://www.astrobetter.com/blog/2014/03/06/career-profiles-astronomer-to-director-for-the-centre-of-excellence-for-all-sky-astrophysics/
8078,"Career Profiles: Astronomer to Data Scientist at Fidelity Investments",14,http://www.astrobetter.com/blog/2014/03/13/career-profiles-astronomer-to-data-scientist-at-fidelity-investments/
8087,"Career Profiles: Astronomer to Senior Staff Scientist in Industry",14,http://www.astrobetter.com/blog/2014/03/20/career-profiles-astronomer-to-senior-staff-scientist-in-industry/
8096,"Career Profiles: Astronomer to Tenure Track Faculty at a Small Liberal Arts College",14,http://www.astrobetter.com/blog/2014/03/27/career-profiles-astronomer-to-tenure-track-faculty-at-a-small-liberal-arts-college/
8103,"Career Profiles: Astronomer to Tenure Track Faculty at a Community College",14,http://www.astrobetter.com/blog/2014/04/10/career-profiles-astronomer-to-tenure-track-faculty-at-a-community-college/
8108,"Career Profiles: Astronomer to Soft Money Researcher",14,http://www.astrobetter.com/blog/2014/05/08/career-profiles-astronomer-to-soft-money-researcher/
8111,"Career Profiles: Astronomer to Tenure Track Faculty at a Teaching-Focused Institution",14,http://www.astrobetter.com/blog/2014/05/22/career-profiles-astronomer-to-tenure-track-faculty-at-a-teaching-focused-institution/
8117,"Career Profiles: Astronomer to Tenure Track Faculty at a California Community College",14,http://www.astrobetter.com/blog/2014/06/05/career-profiles-astronomer-to-tenure-track-faculty-at-a-california-community-college/
8125,"Career Profiles: Astronomer to Staff Scientist at the Smithsonian Astrophysical Observatory",14,http://www.astrobetter.com/blog/2014/04/17/career-profiles-astronomer-to-staff-scientist-at-the-smithsonian-astrophysical-observatory/
8129,"Career Profiles: Astronomer to Faculty and Entrepreneur",14,http://www.astrobetter.com/blog/2014/05/01/career-profiles-astronomer-to-faculty-and-entrepreneur/
8133,"Career Profiles: Astronomer to Education and Public Outreach Officer",14,http://www.astrobetter.com/blog/2014/04/24/career-profiles-astronomer-to-education-and-public-outreach-officer/
8138,"Students: Apply to work on Astropy as part of the Google Summer of Code!",7,http://www.astrobetter.com/blog/2014/03/03/astropy-gsoc2014/
8148,"Time Series Data with Pandas",17,http://www.astrobetter.com/?p=8148
8153,"The 2013 CSWA Demographics Survey:  Portrait of a Generation of Women in Astronomy",17,http://www.astrobetter.com/blog/2014/03/05/the-2013-cswa-demographics-survey-portrait-of-a-generation-of-women-in-astronomy/
8160,"The Whys and Hows of Licensing Scientific Code",21,http://www.astrobetter.com/blog/2014/03/10/the-whys-and-hows-of-licensing-scientific-code/
8215,"Career Profiles: Astronomer to Tenured Full Professor",14,http://www.astrobetter.com/blog/2014/10/09/career-profiles-astronomer-to-tenured-full-professor/
8219,"Career Profiles: Astronomer to Astrophysicist at the NASA Goddard Space Flight Center",14,http://www.astrobetter.com/blog/2014/04/03/career-profiles-astronomer-to-astrophysicist-at-the-nasa-goddard-space-flight-center/
8222,"Career Profiles: Astronomer to Data Scientist",14,http://www.astrobetter.com/blog/2014/06/12/career-profiles-astronomer-to-data-scientist/
8232,"Report: Gender in AAS Talks",17,http://www.astrobetter.com/blog/2014/03/19/report-gender-in-aas-talks/
8265,"Career Profiles: Astronomer to Defense Researcher ",14,http://www.astrobetter.com/blog/2014/09/25/career-profiles-astronomer-to-defense-researcher/
8272,"Career Profiles: Astronomer to Senior Editor for Nature",14,http://www.astrobetter.com/blog/2014/09/04/career-profiles-astronomer-to-senior-editor-for-nature/
8278,"Career Profiles: Astronomer to Head of Bioinformatics",14,http://www.astrobetter.com/blog/2014/07/10/career-profiles-astronomer-to-head-of-bioinformatics/
8282,"Career Profiles: Astronomer to Data Scientist",14,http://www.astrobetter.com/blog/2014/06/12/career-profiles-astronomer-to-data-scientist-2/
8291,"Career Profiles: Astronomer to Associate Director of the NASA Lunar Science Institute",14,http://www.astrobetter.com/blog/2014/09/11/career-profiles-astronomer-to-associate-director-of-the-nasa-lunar-science-institute/
8295,"Career Profiles: Astronomer to Financial Analyst",14,http://www.astrobetter.com/blog/2014/07/24/career-profiles-astronomer-to-financial-analyst/
8299,"Career Profiles: Astronomer to Chief of the Nautical Almanac Office at the US Naval Observatory",14,http://www.astrobetter.com/blog/2014/09/18/career-profiles-astronomer-to-chief-of-the-nautical-almanac-office-at-the-us-naval-observatory/
8304,"Career Profiles: Astronomer to Image Processor for STScI",14,http://www.astrobetter.com/blog/2014/07/31/career-profiles-astronomer-to-image-processor-for-stsci/
8310,"Career Profiles: Astronomer to President of a Defense Industry Company",14,http://www.astrobetter.com/blog/2014/08/14/career-profiles-astronomer-to-president-of-a-defense-industry-company/
8320,"Career Profiles: Astronomer to University Administrator in a Center for Teaching & Learning",14,http://www.astrobetter.com/blog/2014/08/28/career-profiles-astronomer-to-university-administrator-in-a-center-for-teaching-learning/
8325,"Career Profiles: Astronomer to Full Professor of Physics at a Small Liberal Arts College",14,http://www.astrobetter.com/blog/2014/07/17/career-profiles-astronomer-to-full-professor-of-physics-at-a-small-liberal-arts-college/
8329,"Career Profiles: Astronomer to Software Engineer at SpaceX",14,http://www.astrobetter.com/?p=8329
8335,"Career Profiles: Astronomer to Data Visualization Specialist and Adjunct Associate Professor",14,http://www.astrobetter.com/blog/2014/10/02/career-profiles-astronomer-to-data-visualization-specialist-and-adjunct-associate-professor/
8340,"Career Profiles: Astronomer to Science Communicator ",14,http://www.astrobetter.com/?p=8340
8345,"KICP Education & Outreach Summer School for Grad Students (June 16-27)",14,http://www.astrobetter.com/blog/2014/04/23/kicp-education-outreach-summer-school-for-grad-students-june-16-27/
8358,"Supporting LGBT+ Physicists and Astronomers:  Best Practices for Academic Departments",5,http://www.astrobetter.com/blog/2014/08/27/supporting-lgbt-physicists-and-astronomers-best-practices-for-academic-departments/
8373,"Fed Up with Sexual Harassment",17,http://www.astrobetter.com/blog/2014/05/14/fed-up-with-sexual-harassment/
8381,"AAS Winter Meeting #AAS225",18,http://www.astrobetter.com/blog/2014/12/03/aas-winter-meeting/
8403,"Applying to Grad School",18,http://www.astrobetter.com/blog/2014/11/05/applying-to-grad-school/
8405,"NSF Deadline Approaching!",18,http://www.astrobetter.com/blog/2014/10/15/nsf-deadline-approaching/
8413,"Creating Online Apps for Outreach and Education",10,http://www.astrobetter.com/blog/2014/07/14/creating-online-apps-for-outreach-and-education/
8429,"Astropy Tutorials: Learn how to do common astro tasks with astropy and Python",10,http://www.astrobetter.com/blog/2014/07/07/astropy-tutorials-learn-how-to-do-common-astro-tasks-with-astropy-and-python/
8453,"To the Other Side (or, I wonder what my friends are doing now)",10,http://www.astrobetter.com/blog/2014/07/21/to-the-other-side-or-i-wonder-what-my-friends-are-doing-now/
8468,"Preparing for Teaching Classes",18,http://www.astrobetter.com/blog/2014/07/30/preparing-for-teaching-classes/
8470,"Two Astronomers Named Sarah Survive Academia with this One Simple Trick!",10,http://www.astrobetter.com/blog/2014/07/23/two-astronomers-named-sarah-survive-academia-with-this-one-simple-trick/
8488,"Rumor Mill 2014-2015 Is Now Open!",4,http://www.astrobetter.com/blog/2014/07/25/rumor-mill-2014-2015-is-now-open/
8520,"AstroBetter Schueduled Maintenance",18,http://www.astrobetter.com/blog/2014/08/01/astrobetter-schueduled-maintenance/
8522,"8/1 Links from the Editor",18,http://www.astrobetter.com/blog/2014/08/01/81-links-from-the-editor/
8533,"In Science, Order Matters",17,http://www.astrobetter.com/blog/2014/08/06/in-science-order-matters/
8546,"AstroPix: More than Just (a Lot of) Pretty Pictures",10,http://www.astrobetter.com/blog/2014/08/11/astropix-more-than-just-a-lot-of-pretty-pictures/
8559,"10 things not to say at work",5,http://www.astrobetter.com/blog/2014/08/18/10-things-not-to-say-at-work/
8565,"Top 10 Ways to Improve Your NSF Astronomy & Astrophysics Postdoctoral Fellowship (AAPF) Proposal",10,http://www.astrobetter.com/blog/2014/08/13/top-10-ways-to-improve-your-nsf-aapf-proposal/
8600,"Astropy v0.4 Released",10,http://www.astrobetter.com/blog/2014/09/08/astropy-v0-4-released/
8613,"Fun with Interactive Visuals in Astrophysics",10,http://www.astrobetter.com/blog/2014/09/22/fun-with-interactive-visuals-in-astrophysics/
8632,"9/19 Links from the Editor",18,http://www.astrobetter.com/blog/2014/09/19/919-links-from-the-editor/
8642,"LaTeX hyperref and emulateapj",10,http://www.astrobetter.com/blog/2014/09/29/latex-hyperref-and-emulateapj/
8644,"Calling All Diversity Programs",10,http://www.astrobetter.com/blog/2014/09/24/calling-all-diversity-programs/
8651,"Professional Development Workshops at AAS225 in Seattle, WA",3,http://www.astrobetter.com/blog/2014/09/26/professional-development-workshops-at-aas225-in-seattle-wa/
8681,"GrayStar: A Virtual Star in the Classroom",10,http://www.astrobetter.com/blog/2014/11/12/graystar-a-virtual-star-in-the-classroom/
8685,"Web Apps in the Cloud: Even Astronomers Can Write Them!",10,http://www.astrobetter.com/blog/2014/10/20/web-apps-in-the-cloud-even-astronomers-can-write-them/
8707,"Python in Astronomy Workshop: Developing community resources",10,http://www.astrobetter.com/blog/2014/11/17/python-in-astronomy-workshop-developing-community-resources/
8712,"Beyond the U.S. Virtual Astronomical Observatory",10,http://www.astrobetter.com/blog/2014/12/29/beyond-the-u-s-virtual-astronomical-observatory/
8720,"Tutorial: Fitting sine curve to data with outliers",3,http://www.astrobetter.com/?p=8720
8737,"AAS 225 Software/Programming Events",18,http://www.astrobetter.com/blog/2014/12/18/aas-225-softwareprogramming-events/
8745,"Data Exploration with Glue",10,http://www.astrobetter.com/blog/2015/02/02/data-exploration-with-glue/
8747,"Using WriteLaTeX for Collaborative Papers",10,http://www.astrobetter.com/blog/2015/01/12/using-writelatex-for-collaborative-papers/
8768,"Licensing Astrophysics Codes session at AAS 225: Link",18,http://www.astrobetter.com/blog/2015/02/04/licensing-astrophysics-codes-session-at-aas-225-link/
8776,"[Ask Astrobetter]",18,http://www.astrobetter.com/?p=8776
8778,"Details and discussion about impending changes to ApJ and AJ",3,http://www.astrobetter.com/blog/2015/02/13/details-and-discussion-about-impending-changes-to-apj-and-aj/
8791,"Fabric Conference Posters FTW!",10,http://www.astrobetter.com/blog/2015/03/25/fabric-conference-posters-ftw/
8815,"The Starchive: An open access, open source database of the nearest stars and beyond ",10,http://www.astrobetter.com/blog/2015/04/27/the-starchive-an-open-access-open-source-database-of-the-nearest-stars-and-beyond/
8837,"Crowdsourcing Open Astrophysics Texts for Everyone",10,http://www.astrobetter.com/blog/2015/07/27/crowdsourcing-open-astrophysics-texts-for-everyone/
8839,"Python/3D Visualization:  A new book available for students and scientists",10,http://www.astrobetter.com/blog/2015/07/08/python3d-visualization-a-new-book-available-for-students-and-scientists/
8844,"Why should I use Authorea to write my papers?",10,http://www.astrobetter.com/blog/2015/07/13/why-should-i-use-authorea-to-write-my-papers/
8856,"Updates on ADS Interfaces and the Announcement of Bumblebee",10,http://www.astrobetter.com/blog/2015/07/20/updates-on-ads-interfaces-and-the-announcement-of-bumblebee/
8865,"Find-a-team, find-an-expert networking for WFIRST",5,http://www.astrobetter.com/blog/2015/08/04/find-a-team-find-an-expert-networking-for-wfirst/
8871,"Preparing for Fall Classes",18,http://www.astrobetter.com/?p=8871
8876,"Python in Astronomy Workshop 2015",10,http://www.astrobetter.com/blog/2015/08/24/python-in-astronomy-workshop-2015/
8885,"How to pursue an Astronomy Education Research PhD - Part 1",10,http://www.astrobetter.com/blog/2015/09/30/aerphd-part1/
8888,"How to pursue an Astronomy Education Research PhD – Part 2",10,http://www.astrobetter.com/blog/2015/10/07/aerphd-part2/
8890,"How to pursue an Astronomy Education Research PhD – Part 3",10,http://www.astrobetter.com/blog/2015/10/14/aerphd-part3/
8892,"Rumor Mill Update",18,http://www.astrobetter.com/blog/2015/08/26/rumor-mill-update/
8894,"Astronomy Decadal Reports Primer: New Worlds, New Horizons, Visions & Voyages, and NSF Portfolio Review Committee",10,http://www.astrobetter.com/blog/2015/09/09/astronomy-decadal-reports-primer-new-worlds-new-horizons-visions-voyages-and-nsf-portfolio-review-committee/
8896,"The Astronomy OIR Study recommendations for the LSST era",10,http://www.astrobetter.com/blog/2015/09/16/the-astronomy-oir-study-recommendations-for-the-lsst-era/
8899,"How to pay for the OIR study recommendations?",10,http://www.astrobetter.com/blog/2015/09/22/how-to-pay-for-the-oir-study-recommendations/
8938,"Calculating and Visualizing Publication and Citation Metrics with ADS Bumblebee",10,http://www.astrobetter.com/blog/2015/10/21/calculating-and-visualizing-publication-and-citation-metrics-with-ads-bumblebee/
8962,"Grad School Application Help",18,http://www.astrobetter.com/blog/2015/12/02/grad-school-application-help/
8966,"SkyWatch: A Real-time Feed for Astrophysical Transients",10,http://www.astrobetter.com/blog/2015/12/07/skywatch-a-real-time-feed-for-astrophysical-transients/
8978,"Physics GRE Scores of Prize Postdoctoral Fellows in Astronomy",10,http://www.astrobetter.com/blog/2015/12/14/physics-gre-scores-of-prize-postdoctoral-fellows-in-astronomy/
8994,"AAS Winter Meeting #AAS227",18,http://www.astrobetter.com/blog/2015/12/21/aas-winter-meeting-aas227/
9002,"Monthly round-up",18,http://www.astrobetter.com/?p=9002
9007,"Claiming Papers And Finding People with ORCID",10,http://www.astrobetter.com/blog/2016/03/07/claiming-papers-and-finding-people-with-orcid/
9019,"LGBT Climate in Physics",18,http://www.astrobetter.com/blog/2016/03/16/lgbt-climate-in-physics/
9023,"An Open, Online Astronomy Thesis Collection",10,http://www.astrobetter.com/blog/2016/04/11/an-open-online-astronomy-thesis-collection/
9034,"Wiki Update: Diversity Programs",18,http://www.astrobetter.com/blog/2016/05/13/wiki-update-diversity-programs/
9039,"Introducing the McCrady & Rice Labs: Concept-Oriented Collaborative Activities for Astronomy 101",10,http://www.astrobetter.com/blog/2016/06/13/introducing-the-mccrady-rice-labs-concept-oriented-collaborative-activities-for-astronomy-101/
9044,"MATISSE, the ASDC web-tool for the planetary exploration",10,http://www.astrobetter.com/blog/2016/06/27/matisse-the-asdc-web-tool-for-the-planetary-exploration/
9062,"Twitter at Conferences, Part 1: Non-tweeters",10,http://www.astrobetter.com/blog/2016/07/06/twitter-at-conferences-part-1-non-tweeters/
9070,"Managing Citations (Collaboratively) in Google Docs",10,http://www.astrobetter.com/blog/2016/07/11/managing-citations-collaboratively-in-google-docs/
9076,"Twitter at Conferences, Part 2: Twitter users",10,http://www.astrobetter.com/blog/2016/07/13/twitter-at-conferences-part-2-twitter-users/
9082,"Twitter at Conferences, Part 3: LOC & SOC",10,http://www.astrobetter.com/blog/2016/07/20/twitter-at-conferences-part-3-loc-soc/
9093,"Super Charge your ADS Searches with Filters",10,http://www.astrobetter.com/blog/2016/08/01/super-charge-your-ads-searches-with-filters/
9107,"Rumor Mill Update: 2016",18,http://www.astrobetter.com/blog/2016/09/07/rumor-mill-update-2016/
9109,"A Workshop for Early-Career Astronomers Who Want to Do Better Outreach",10,http://www.astrobetter.com/blog/2016/09/09/a-workshop-for-early-career-astronomers-who-want-to-do-better-outreach/
9113,"The Performing Art of Science Presentation at AAS 229",10,http://www.astrobetter.com/blog/2016/09/14/the-performing-art-of-science-presentation-at-aas-229/
9122,"Using Python for Astronomical Data Analysis in the Era of JWST",10,http://www.astrobetter.com/blog/2016/09/26/using-python-for-astronomical-data-analysis-in-the-era-of-jwst/
9128,"Learn Software Carpentry at #AAS229",10,http://www.astrobetter.com/blog/2016/09/27/learn-software-carpentry-at-aas229/
9130,"Added macOS Sierra Setup Notes",4,http://www.astrobetter.com/?p=9130
9140,"Advice from a Faculty Hiring Committee Chair",10,http://www.astrobetter.com/blog/2017/01/19/advice-from-a-faculty-hiring-committee-chair/
9142,"Register for Hack Together Day at AAS 229",10,http://www.astrobetter.com/blog/2016/12/09/register-for-hack-together-day-at-aas-229/
9148,"AAS Winter Meeting Cheat Sheet #AAS229",18,http://www.astrobetter.com/blog/2016/12/16/aas-winter-meeting-cheat-sheet-aas229/
9155,"Is an R1 for you?",10,http://www.astrobetter.com/blog/2017/02/13/is-an-r1-for-you/
9163,"Rumor Mill is now ready for 2017–2018",3,http://www.astrobetter.com/blog/2017/09/25/rumor-mill-is-now-ready-for-2017-2018/
9174,"STARtorialist BOOTH-tique at AAS 231",10,http://www.astrobetter.com/blog/2017/12/12/startorialist-booth-tique-at-aas-231/
